name,status,province,city,address,facility_phone,website,person_in_charge,email,phone_number,designation,additional_requirements,shifts_available,notes
"
Schlegel Villages ",INACTIVE,ON,Kitchener,"325 Max Becker Dr, Kitchener, ON N2E 4H5",519-571-1873 ,https://schlegelvillages.com/,Christine Bruder,christine.bruder@schlegelvillages.com/ Christy.parsons@schlegelvillages.com,226-338-1479,People Opportunities Partner,,,Head Office
"
Venvi Donway Place",ACTIVE,ON,Toronto,"8 The Donway E, Toronto, ON M3C 3R7
","416-445-7555
",https://www.venviliving.com/donway-place?utm_source=gmb&utm_medium=organic&utm_content=gmb-website,Deepthy  Abraham's,Deepthy.abraham@reveraliving.com,,DOC,,,
AgeCare Samac,NOT ACCEPTING,ON,Oshawa,"451 Woodmount Dr, Oshawa, ON L1G 8E3
",905-571-0065,https://www.agecare.ca/communities/samac/,Judy Ferrer,Judy.Ferrer@AgeCare.ca,"905-571-0065 extn 503
",DOC,,,
AgeCare Westbury,INACTIVE,ON,Etobicoke,"495 The West Mall, Etobicoke, ON M9C 5S3",416-622-7094,https://www.agecare.ca/communities/westbury/,Anna Asanovic / Viktoriya Zhura,Anna.Asanovic@Agecare.ca / Viktoriya.Zhura@Agecare.ca,416-622-7094 extn 1537 / 1503,DOC,,,Viktoriya emailed Nov 15 confirming accepting placements
Ballycliffe Long Term Care Residence,ACTIVE,ON,Ajax,"70 Station St, Ajax, ON L1S 1R9",905-683-7321,https://www.agecare.ca/communities/ballycliffe/,Duna McKay,Duna.McKay@agecare.ca,,DOC,,,March 2025 intake
Bough Beeches Place,INACTIVE,ON,Mississauga,"1130 Bough Beeches Blvd
Mississauga, ON L4W 4G3",365-606-5433,https://levanteliving.com/residences/bough-beeches-place/,Ofelia Rajeevkumar,Ofelia.Rajeevkumar@boughbeechesplace.ca,,Director for Health and Wellness,Flu Shot,,
Bramelea Retirement Residence,ACTIVE,ON,Brampton,"30 Peel Centre Dr, Brampton, ON L6T 4G3
","905-790-7900
",https://levseniorliving.com/bramalearr/,Hardeep Birring / Alamjot Kaur,akaur@levliving.com,,DOC,,,
Caritas Residence,IN PROGRESS,NS,Halifax,"215 Seton Road
Halifax, Nova Scotia B3M 0C9",902-719-9766,https://experienceparkland.com/en/locations/caritas-residence/?utm_source=google&utm_medium=GMB&utm_campaign=listing,Meghan or Marissa - LTC Leonora - RH,,,,,,
Cawthra Gardens,INACTIVE,ON,Mississauga,"590 Lolita Gardens, Mississauga ON L5A 4N8",905-306-9984,https://www.agecare.ca/communities/cawthra-gardens/,Ursula Dingler,Ursula.Dingler@Agecare.ca,,DOC,,,January Intake
Chartwell Allandale Station,ACTIVE,ON,Barrie,"357 Yonge St, Barrie, ON L4N 4K3",705-721-7227,https://chartwell.com/on/barrie/allandale-station,Melissa Harris / Ana Garrido,mharris@chartwell.com / agarrido@chartwell.com,extn 603 cell 705-279-8428  / cell 705-331-2043,Health and Wellness Manager / Assisted Living Manager,,,
Chartwell Pickering City Centre Retirement Residence,ACTIVE,ON,Pickering,"1801 Valley Farm Rd, Pickering, ON L1V 0A5","905-420-3369 / 289-631-1944
",https://chartwell.com/on/pickering/pickering-city-centre,Natasha Williams / Kate Fish ,kfish@chartwell.com,,Health & Wellness Manager / DOC,,,
Chartwell Rouge Valley,ACTIVE,ON,Markham,"5958 16th Avenue, Markham ON L3P 8N1",289-378-6654,https://chartwell.com/on/markham/rouge-valley,Sanita Singh,sansingh@chartwell.com,,,,,
Chartwell Scarlett Heights,ACTIVE,ON,Etobicoke,4005 Eglinton Avenue West Etobicoke ON M9A 5H3,647-846-7007,https://chartwell.com/on/etobicoke/scarlett-heights,Dorothy Persaud,dpersaud@chartwell.com,,,,,June Intake
"Chartwell Wynfield Retirement Residence

",ACTIVE,ON,Oshawa,"431 Woodmount Dr, Oshawa, ON L1K 0P7
",289-634-7776,https://chartwell.com/on/oshawa/wynfield,Jessica Smith / Samantha Petralito,jsmith@chartwell.com / spetralito@chartwell.com,,Health & Wellness Manager / DOC,,,
Crescent Hill Place Retirement,IN PROGRESS,ON,Brampton,3 Crescent Hill Dr S Brampton ON L6S 2P2,905-216-4497,https://www.crescenthillplaceretirementhomeinc.com/,Althea Knight,crescenthillplace@hotmail.com,,Operations Manager,,,
Delmanor Wynford,ACTIVE,ON,Toronto,"187 Wynford Dr, Toronto, ON M3C 0C7
","416-331-9797
",https://delmanorwynford.com/?utm_source=google&utm_medium=organic&utm_campaign=local&utm_content=Toronto,Brenda Martin,BMartin@delmanor.com,,DOC,,,
Dom Lipa Nursing Home,ACTIVE,ON,Etobicoke,"52 Neilson Dr, Etobicoke, ON M9C 1V7",416-621-3820,https://www.domlipa.ca/,Zarah Claudio,z.claudio@domlipa.ca,416-621-3820 ext 246,DOC,,,
Extendicare Ridgeview,IN PROGRESS,ON,Stoney Creek,"385 Highland Rd W
Stoney Creek, Ontario
L8J 3X9",905-561-3332,http://www.extendicareridgeview.com/,Borka Zanetti,,905-561-3332 press 3,DOC,,,
Venvi Greenway (formerly Greenway Retirement Village),ACTIVE,ON,Brampton,"100 Ken Whillans Dr, Brampton, ON L6V 0A4
",905-799-7273,https://www.venviliving.com/greenway?utm_source=gmb&utm_medium=organic&utm_content=gmb-website,Dillon Sookraj,Dillon.Sookraj2@cogirseniorliving.ca,,DOC,,,
Hamilton Continuing Care (Schlegel Village),NOT ACCEPTING,ON,Hamilton,"125 Wentworth Street South
L8N 2Z1 Hamilton , ON",905-527-1482,https://schlegelvillages.com/hamilton-continuing-care,Christine Brunner,Christine.Brunner@schlegelvillages.com,,,,,
Hardy Terrace Long Term Care,ACTIVE,ON,Brantford,"612 Mt Pleasant Rd, Brantford, ON N3T 5L5",519-484-2431,https://rosewoodseniorcare.ca/hardy-terrace/,,drc.hterrace@diversicare.ca,,DOC,,,"Stephanie Galambos
HTAdmin@universalcareinc.ca"
Holy Family Home,ACTIVE,MB,Winnipeg,"165 Aberdeen Avenue, Winnipeg, MB R2W 1T9","204-589-7381
",https://www.holyfamilyhome.mb.ca/,"Cychowska, Magda / Stacey Morgan",MCychowska@holyfamilyhome.mb.ca / SMorgan@holyfamilyhome.mb.ca,,DOC,,,
Humber Meadows Long Term Care Home,NOT ACCEPTING,ON,North York,"2109 Finch Ave W, North York, ON M3N 1N1",416-745-2400,https://humbermeadows.ca/,Ashley Guay,Aguay@humbermeadows.ca,,DOC,,,
Humber Valley Terrace LTC,INACTIVE,ON,Etobicoke,"95 Humber College Blvd, Etobicoke, ON M9V 5B5",416-746-7466,http://www.humbervalleyterraceltc.com/,Ravinder Randhawa,ravinder.randhawa@exeassist.ca,,,,,
Ivan Franko Homes - LTC,ACTIVE,ON,Etobicoke,"767 Royal York Road, Etobicoke, Ontario M8Y 2T3",416-239-7364,https://ivanfrankohomes.com/about-us,Olena Tomchuk,olena.tomchuk@ivanfrankohomes.com,,HR Manager,,,
Kennedy Lodge Long Term Care Home,ACTIVE,ON,Scarborough,"1400 Kennedy Road, Scarborough ON M1P 4V6",416 - 752-8282,http://www.kennedylodgeltc.com/,Maria Penaflor,maria.penaflor@exeassist.ca,,Interem Staff Educator,,,
Livita Barrington Retirement Home,ACTIVE,ON,Barrie,"450 Yonge St, Barrie, ON L4N 4E2",647-492-3653,https://livinglivita.com/barrie/?utm_campaign=gmb&utm_medium=organic&utm_source=gmblisting,Glenda Cowling,gcowling@livinglivita.com,,,,,
Maplestone Enhanced Care,IN PROGRESS,NS,Halifax,245 Main Avenue Halifax NS B3M 1B7,902-443-1971,https://shannex.com/location/maplestone-enhanced-care/?utm_source=GMB&utm_medium=Google&utm_campaign=listings,,,,,,,
Oakcrossing Retirement Living People Care Communities,ACTIVE,ON,London,"1242 Oakcrossing Road
London, ON, N6H 0G2",519-641-0021,https://peoplecare.ca/long-term-care/peoplecare-oakcrossing/,Debbie Howe,dhowe@peoplecare.ca,519-641-0021 extn 108,DOC,,,
One Kenton Place,IN PROGRESS,ON,Toronto,"1 Kenton Drive Toronto, Ontario M2R 2H6 ",647-932-7913,https://onekentonplace.ca/,Kiran Sarlech,directorofcare@onekentonplace.ca,,Director of Clinical Services,,,
Regina Gardens,NOT ACCEPTING,ON,Hamilton,"536 Upper Paradise Road, Hamilton ON L9C 5E3",905-383-2970,https://www.agecare.ca/communities/regina-gardens/,Catherine Nicolas,Catherine.Nicolas@Agecare.ca,905-383-2970 extn 1302,ADOC,,,
Levante Living – Centennial Park Place,INACTIVE,ON,Etobicoke,"25 Centennial Park Rd, Etobicoke, ON M9C 5H1",647-360-8685 ,https://levanteliving.com/residences/centennial-park-place/,Denise Jokoo,Denise.Jokoo@reveraliving.com,,DOC,,,
St. Clair O'Connor Community,ACTIVE,ON,East York,"2701 St Clair Ave E Toronto, ON M4B 1M5 ",416-757-8757,https://scoc.ca/,Charlene Go,c.go@scoc.ca,,DOC,,,Vanda Cozier - DOC listed in website
Venvi Leaside,ACTIVE,ON,East York,"10-14 William Morgan Dr #10, East York, ON M4H 1E7","416-425-3722
",https://www.venviliving.com/leaside?utm_source=gmb&utm_medium=organic&utm_content=gmb-website,Charlene Parish,Charlene.parish@reveraliving.com,,DOC,,,
Access Independent Living Services,ACTIVE,ON,Scarborough,"23 Thunder Grove, Unit #311
Scarborough ON
M1V 0G6
",416-780-1650,https://accessils.ca/,Lavinder Gill,lavinderg@accessils.ca,416-780-1650 extn 228,DOC,,,
Victoria Village Manor,NOT ACCEPTING,ON,Barrie,"78 Ross St, Barrie, ON L4N 1G3
",705-728-3456,https://victoriavillage.ca/,Julie Van Vlaenderen,j.VanVlaenderen@victoriavillage.ca,705-728-3456 extn 752,DOC,,,"Jolene Morrow
Director of Resident and Family Services - listed on the website"
Markhaven Home for Seniors,ACTIVE,ON,Markham,"54 Parkway Ave, Markham, ON L3P 2G4",905-294-2233,https://markhaven.ca/,Jonathan Waddington,JWaddington@markhaven.ca,,DOC,,,Evangeline Rabena - DOC listed on the website
AgeCare Brant,ACTIVE,ON,Burlington,"1182 Northshore Blvd. E, Burlington, ON L7S 1C5

",905-639-2848,https://www.agecare.ca/communities/brant/,Marita ,marita.arguelles@agecarec.ca,905-639-2848 extn 507,DOC,,,"Dale Bamforth
- DOC listed on the website extn 503"
Richmond Hill Long-Term Care Centre,NOT ACCEPTING,ON,Richmond Hill,"11199 Yonge Street, Richmond Hill, ON L4S 1L2",905-883-9288,https://www.monsheong.org/what-we-do/long-term-care-centre/richmond-hill-long-term-care-centre/,Linghua Duo,LinghuaDuo@monsheong.org,905-883-9288 extn 2630,Director of Resident Care,,,
New Horizons Tower,ACTIVE,ON,Toronto,"1140 Bloor St W, Toronto, ON M6H 4E6",416-536-6111,www.newhorizonstower.com,Chelsea Andrade,Chelsea.Andrade@newhorizonstower.com,416-536-6111,Manager of Assisted Living,,,
The Village of Taunton Mills,ACTIVE,ON,Whitby,"3800 Brock St N, Whitby, ON L1R 3A5",905-666-3156,https://schlegelvillages.com/taunton-mills-whitby,Jennifer Cain,Jennifer.Cain@schlegelvillages.com,,,Flu Shot,,
Villa Forum,ACTIVE,ON,Mississauga,"175 Forum Dr, Mississauga, ON L4Z 4E5
",905-501-1443,https://www.agecare.ca/communities/villa-forum/,Eleonora Marcos,eleonora.marcos@agecare.ca,,ADOC,,,June Intake
PCH Community Health,ACTIVE,ON,Mississauga,"2180 Speakman Dr, Mississauga, ON L5K 0A9
",905-369-2442,https://partnerscommunityhealth.ca/,Marie Jayawardena ,Marie.Jayawardena@partnerscommunityhealth.ca,,DOC,,,
Casa Dolce Casa,ACTIVE,ON,Woodbridge,"7890 Pine Valley Dr, Woodbridge, ON L4L 7C4",905-605-1648,https://www.casadolcecasa.ca/,Rakhi Rajak,rrajak@casadolcecasa.ca,,HR Director,,,
Roberta Place LTC,ACTIVE,ON,Barrie,"503 Essa Rd, Barrie, ON L4N 9E4
",705-733-3231,https://www.jarlette.com/long-term-care/roberta-place,Olga Famina,Olga - ofamina@jarlett.com,,,,,
Nisbet Lodge,ACTIVE,ON,Toronto,"740 Pape Ave Toronto, ON M4K 3S7","416-469-1105
",https://www.nisbetlodge.com/,Wendy Chamale ,"wendyc@nisbetlodge.com

",, IPAC Lead and Student Coordinator,Flu Shot / Hepa A,,Emailed information Mar 5
Extendicare Sherwood Court,ACTIVE,ON,Maple,"300 Ravineview Dr, Maple, ON L6A 3P8
",905-303-3565,http://www.extendicaresherwoodcourt.com/,Dominique Lloyd ,dominique.lloyd@extendicare.com,,Resident Services Coordinator,,,
Ressam Gardens,ACTIVE,ON,Hamilton,"1041 West 5th Street, Hamilton, ON L9B 1J5
","289-426-3074
",https://ressamgardens.ca/,Christine Radke,reception@ressamgardens.ca,,,,,
Municipality of Durham,ACTIVE,ON,Whitby,"605 Rossland Rd East, Whitby, ON L1N 0B7",905-668-5851,https://www.durham.ca/en/index.aspx,"        
Khadija Mohamed / Anna Bishop",Khadija.Mohamed@durham.ca / LTCstudentsplacement@durham.ca / anna.bishop@durham.ca,365-688-4576 / 905-668-5851 ext.5910,Program Assistant /Manager of Nursing Practice,,,
Niagara Region,INACTIVE,ON,Thorold,"1815 Sir Isaac Brock Way, Thorold, ON L2V 4T7",905-980-6000,https://www.niagararegion.ca/,Devan Singh,devan.singh@niagararegion.ca,905-980-6000 ext. 3837,"Senior Services, Central support
Student placement and onboarding lead",,,
ReachView Village LTC Home,ACTIVE,ON,Uxbridge,"130 Reach St, Uxbridge, ON L9P 1L3",905-852-5191,http://www.reachviewvillageltc.com/,Nadya Tablada,nadya.tablada@exeassist.ca,,,,,
Lakeside LTC Centre,INACTIVE,ON,Toronto,"150 Dunn Ave, Toronto, ON M6K 2R6",416-533-2828,https://www.uhn.ca/OurHospitals/Lakeside,,,,,,,
Mon Sheong Scarborough LTC Centre,ACTIVE,ON,Scarborough,"2030 McNicoll Avenue, Scarborough, ON M1V 5P4",416-291-3898,https://www.monsheong.org/what-we-do/long-term-care-centre/scarborough-long-term-care-centre/,KY Chan  / Timothy Lam ,kychan@monsheong.org / timothylam@monsheong.org,,Asst Dir of Resident Care / Administrative Asst. Resident Care,,,
Chartwell Collegiate Heights Retirement Residence,ACTIVE,ON,Sault Ste. Marie,"95 Fauquier Ave, Sault Ste. Marie, ON P6B 0A2",705-256-4679,https://chartwell.com/on/sault-ste-marie/collegiate-heights,Nancy Daigle ,ndaigle@chartwell.com,"Cell# 705-297-0334
",Health and Wellness Manager,,,
Chartwell Oak Ridges,ACTIVE,ON,Richmond Hill,"12925 Yonge St, Richmond Hill, ON L4E 0T7",289-573-9736,https://chartwell.com/on/richmond-hill/oak-ridges,Brenda Brabander ,bbrabander@chartwell.com,,General Manager,,,
L'Chaim Retirement Home,ACTIVE,ON,North York,"718 Sheppard Ave W, North York, ON M3H 2S6",416-398-7898,https://www.lchaimretirement.ca/,,,,,,,
Mon Sheong Home for the Aged,ACTIVE,ON,Toronto,"36 D’Arcy Street, Toronto, ON M5T 1J7",416-977-3762,https://www.monsheong.org/what-we-do/long-term-care-centre/mon-sheong-home-aged/,"Way Tang / Brenda Mok
",WayTang@monsheong.org / BrendaMok@monsheong.org,ext 5608,Asst. Director of Resident Care / Acting Administrator,,,
Isaccie Adult Group Home,ACTIVE,NU,Iqaluit,"#496 Atungauyait Drive Iqaluit, NU, X0A 2H0",867-979-4806,,Leigh Ann Phillips,isacciehome@issacie.ca,,Manager,,,
Burton Manor,ACTIVE,ON,Brampton,"5 Sterritt Dr, Brampton, ON L6Y 5P3",905-455-1601 ,https://www.primacareliving.com/burton-manor,Gugulethu Ncube,gncube@primacareliving.com,ext 607,Education Coordinator,,,
Fairview Nursing Home,IN PROGRESS,ON,Toronto,"14 Cross St Toronto, ON M6J 1S8
","416-534-8829 
",https://schlegelvillages.com/fairview-toronto,"Saurabh Bhatnagar - General Manager
",saurabh.bhatnagar@schlegelvillages.com,"416-534-8829 ext 225
",,,,
Kensington Gardens  ,IN PROGRESS,ON,Toronto,"25 Brunswick Ave Toronto, ON M5S 2L9",416-963-9640 ,https://www.kensingtonhealth.org/long-term-care,"Andrea Thompson - Vice-President, Community, Hospice and Long-Term Care (Home Administrator)",athompson@kensingtonhealth.org,416-963-9640 ext. 81011,,,,
Main Street Terrace - Long Term Care Home,ACTIVE,ON,Toronto,"77 Main St Toronto, ON M4E 2V6
","416-690-3001
",http://www.mainstreetterraceltc.com/,"Gagandeep Dhillon, Director of Care (DOC)",gagandeep.dhillon@exeassist.ca,,,,,June Intake
Norwood Nursing Home,IN PROGRESS,ON,Toronto,"122 Tyndall Ave Toronto, ON M6K 2E2","416-535-3011 
",https://www.norwoodcare.ca/,Martha Acuna-Galeano -Administrator/Director of Care,doc-administrator@norwoodcare.ca,C: 437-339-5695 / 416-535-3011 ext 107,,,,
Salvation Army - Isabel and Arthur Meighen Manor  / Meighen Retirement Residence,NOT ACCEPTING,ON,Toronto,"155 Millwood Rd Toronto, ON M4S 1J6","416-481-9449 
",https://salvationarmy.ca/meighenhealth/,"Nazila Afghani - Director of Care
Meighen Health Centre", nazila.afghani@salvationarmy.ca,"416-481-9449 ext 419
",,,,Via Email Mar 5
Forest Hill Place Retirement Residence,IN PROGRESS,ON,Toronto,"645 Castlefield Ave, Toronto, ON M5N 3A5
",416-785-1511 ,https://cogirseniorliving.ca/retirement-home-toronto-ontario/forest-hill-place/,,,416-785-1511 ext. 2003,,,,
"Union Villa Long-Term Care
",ACTIVE,ON,Markham,"4300 Hwy 7, Markham, ON L3R 1L8",905-477-2822 ,https://www.uhs.on.ca/union-villa/,Cynthia Li - Student Placement Volunteer Coordinator,volunteer@uhs.on.ca,905-477-2822 ext 4262,,,,
"Finlandia Village
",ACTIVE,ON,Sudbury,"233 4th Ave, Sudbury, ON P3B 4C3",705-524-3137 ,https://finlandiavillage.ca/,Cheshta Cheshta- HR Associate,ccheshta@finlandiavillage.ca,705-524-3137 ext 258,,,,
Queenston Place Retirement Residence,ACTIVE,ON,Niagara Falls,"6440 Valley Way Niagara Falls, ON L2E 7E3",905-371-2743,https://www.queenstonplace.ca/,Kaitlyn Sullivan - Resident Care Manager,kaitlyn@queenstonplace.com,,,,,
Extendicare St. Catharines,IN PROGRESS,ON,St. Catharines,"283 Pelham Rd, St. Catharines, ON L2S 1X7",905-688-3311,http://www.extendicarestcatharines.com/,"Ronald Bulatao, Director of Care (DOC)",ronald.bulatao@extendicare.com,,,,,
"William Place Retirement Residence
",NOT ACCEPTING,ON,Lindsay,"140 William St N, Lindsay, ON K9V 5R4",705-328-1016,https://oxfordwilliamplace.com/,Tonya Porretta - GM DOC,tporretta@oxfordliving.ca,705-328-1016 C: 705-341-2124,,,,
Mariann Home,ACTIVE,ON,Richmond Hill,"9915 Yonge St, Richmond Hill, ON L4C 1V1",905-884-9276 ,https://mariannhome.com/,Fritzie Leyson - Ward Clerk (Student Placement Coordinator),fritzie.leyson@mariannhome.com,905-884-9276 ext 232,,,,
Foyer Richelieu Welland,NOT ACCEPTING,ON,Welland,"655 Tanguay Ave.
Welland, On, L3B 6A1",905-734-1400 ,https://www.foyerrichelieuwelland.com/,"Jennifer Barbieri - Director of Care
","jennifer.barbieri@foyerrichelieu.com
",905-734-1400 ext 225,,,,
St. Charles Village,NOT ACCEPTING,ON,Welland,"30 Nova Crescent, Welland, Ontario, L3C 6P8",905 788 1844,https://www.stcharlesvillage.ca/,,,,,,,
Levante Villa De Rose,ACTIVE,ON,Welland,"370 Hellems Ave
Welland, ON L3B 3C1",365-364-1700,https://levanteliving.com/residences/villa-de-rose,Jiji Marydasan,jiji.marydasan@villaderose.ca,,,,,
Extendicare West Oak Village Long-Term Care Home,ACTIVE,ON,Oakville," 2370 Third Line, Oakville, ON L6M 4Y6",905-469-3294,http://www.extendicarewestoakvillage.com/,Quini Labuguenpaggao,quini.labuguenpaggao@extendicare.com,905-469-3294 ext 2004,,,,
"Bay Haven Care Community
",NOT ACCEPTING,ON,Collingwood,"499 Hume St, Collingwood, ON L9Y 4H8","705-445-6501
",https://bayhaven.com/,Lillian Kelly - Director of Nursing and Personal Care,dirnursing@bayhaven.com,"705-445-6501
ext 232",,,,
Chartwell Balmoral Retirement Community,ACTIVE,ON,Collingwood,"8 Harbour St W, Collingwood, ON L9Y 5R5",705-532-9606,https://chartwell.com/on/collingwood/balmoral,Stephanie Tulloch - Assisted Living Manager,stulloch@chartwell.com,,,,,
"Raglan Village Adult & Retirement Community
",IN PROGRESS,ON,Collingwood,"89 Raglan St, Collingwood, ON L9Y 0B2",705-445-1100,https://raglanvillage.com/,,,,,,,
"
Chartwell Valley Vista Retirement Residence",ACTIVE,ON,Maple,"600 Valley Vista Dr, Maple, ON L6A 4H2",289-963-9974,https://chartwell.com/on/vaughan/valley-vista,Ellen Zhu ,ezhu@chartwell.com,,Health and Wellness Manager,,,
Barrie Manor Enhanced Care Community,ACTIVE,ON,Barrie,"340 Blake St, Barrie, ON L4M 1L3",705 722 3611,https://www.barriemanor.ca/,Deborah Kennedy,assistantwellness@barriemanor.ca,,,,,
Hospice Niagara,NOT ACCEPTING,ON,St. Catharines,"403 Ontario St #2, St. Catharines, ON L2N 1L5",905-984-8766,https://www.hospiceniagara.ca/,Kathryn Brady,kbrady@hospiceniagara.ca,905-984-8766 ext 235, HR Generalist,,,
Wellbrook Place,ACTIVE,ON,Mississauga,"2180 Speakman Dr, Mississauga, ON L5K 0B1","905-369-2442
",https://partnerscommunityhealth.ca/wellbrook-place/,Marie Jawardena,marie.jayawardena@partnerscommunityhealth.ca,,,,,
AgeCare Glen Oaks,IN PROGRESS,ON,Oakville,"2140 Baronwood Dr, Oakville, ON L6M 4S4",905-827-2405,https://www.agecare.ca/communities/glen-oaks/,Pria Sihu / Jennifer Castaneda," priya.sidhu@AgeCare.ca / Jennifer.Castaneda@AgeCare.ca
",905-827-2405 ext. 503,Student Placement Coordinator / Director of Care,,,
The O'Neill Centre Long Term Care,INACTIVE,ON,Toronto,"33 Christie St, Toronto, ON M6G 3B1",416-536-1116,https://oneillcentre.ca/,Canisha Bethel ,cbethel@oneillcentre.ca,416-536-1116 ext 3237,Director of Care,,,
Seasons Retirement Community in Stoney Creek,NOT ACCEPTING,ON,Stoney Creek,"8 Shoreview Pl, Stoney Creek, ON L8E 6G4",905-662-4442,https://seasonsretirement.com/locations/stoney-creek/,"Jessica DeMarchi
",jdemarchi@seasonsretirement.com,,Employee Services Administrator,,,informed by head office Feb 24
Seasons Milton,ACTIVE,ON,Milton,"760 Bronte St. S, Milton, ON L9T 8X4",905-864-6888,https://seasonsretirement.com/locations/milton/,Lila Lumsden,llumsden@seasonsretirement.com,,,,,
DePaul Hall,IN PROGRESS,NS,Halifax,"215 Seton Road, Halifax, Nova Scotia B3M 0C9",902-406-8100,shannex.com/location/depaul-hall/,Gillian Hoyt-Hallett,care@shannex.com,902-406-8100,"Senior Director of Operations, Enhanced Care",,,
Aspira Royale Place Retirement Living,NOT ACCEPTING,ON,Kingston,"2485 Princess Street, Kingston, ON K7M 3G6",613-634-5900,aspiraroyaleplaceretirement.com,Brenda Boudreau,brenda.boudreau@siennaliving.ca,613-634-5900,General Manager,,,
Extendicare Arbour Heights,IN PROGRESS,ON,Kingston,"564 Tanner Drive, Kingston, ON K7M 0C3",613-544-1155,extendicarearbourheights.com,Christine Sellery,CNH_ArbourHeights@extendicare.com,613-544-1155,Executive Director,,,
Helen Henderson Care Centre,IN PROGRESS,ON,Amherstview,"343 Amherst Dr, Amherstview, ON K7N 1X3",613-384-4585,https://www.gibsonfamilyhealthcare.com/helen-henderson-care-centre,Angela Gibson,angelagibson@gibsonfamilyhealthcare.com,613-384-4585 ext 236,Assistant Administrator,,,
Rideaucrest Home,IN PROGRESS,ON,Kingston,"175 Rideau St, Kingston, ON K7K 7B1",613-530-2818 ,https://www.cityofkingston.ca/community-supports/rideaucrest-long-term-care-home/,Brian Gutoskie / Carleen Lepine,bgutoskie@CityofKingston.ca / clepine@cityofkingston.ca,613-530-2818 ext 4227,Director of Care,,,
Georgian Village And Manor,IN PROGRESS,ON,Penetanguishene,"101 Thompsons Rd, Penetanguishene, ON L9M 0V3",(705) 549-3166,georgianvillage.ca,Sherry Bell,georgianvillage.questions@simcoe.ca,(705) 549-3166,Not Provided,,,
Coleman Care Centre,IN PROGRESS,ON,Barrie,"140 Cundles Rd W, Barrie, ON L4N 9X8",705-726-8691,schlegelvillages.com,Michelle Uprichard,michelle.uprichard@schlegelvillages.com,705-726-8691,General Manager,,,
Bayshore Home Care Solutions (Barrie),IN PROGRESS,ON,Barrie,"65 Cedar Pointe Dr E, Unit 809A, Barrie, ON L4N 5R7",705-986-0127,bayshore.ca,Jenny Krajewski,jkrajewski@bayshore.ca,705-986-0127 ext 34503,Area Director,,,
Mill Creek Care Centre,IN PROGRESS,ON,Barrie,"286 Hurst Dr, Barrie, ON L4N 0Z3",705-719-6222,millcreekcarecentre.ca,Chad Axelrod,caxelrod@millcreekcarecentre.ca,705-719-6222 ext 5222,Executive Director,,,
Extendicare Mississauga,IN PROGRESS,ON,Mississauga,"855 John Watt Blvd, Mississauga, ON L5W 1G2",905-696-0719,http://www.extendicaremississauga.com/,Jesselyn Carvajal, jecarvajal@extendicare.com, 905-696-2243,Director of Care,,,
Extendicare Brampton,NOT ACCEPTING,ON,Brampton,"7891 McLaughlin Rd S Brampton, ON L6Y 5H8",905-459-4904,http://www.extendicarebrampton.com/,Manika Vivek,mvivek@extendicare.com,905-456-4201,Director of Care,,,Emailed Mar 9
"Extendicare Holyrood
",IN PROGRESS,AB,Edmonton,"8008 95 Ave NW, Edmonton, AB T6C 2T1",780-469-1307,http://www.extendicareholyrood.com/,Chris Raj,,,Director of Care,,,
"Extendicare Columbia Forest
",IN PROGRESS,ON,Waterloo,"650 Mountain Maple Ave, Waterloo, ON N2V 2P7",519-884-4480,http://www.extendicarecolumbiaforest.com/,Yianna Ioannou,yianna.ioannou@extendicare.com,,Director of Care,,,
Extendicare Scarborough,IN PROGRESS,ON,Scarborough,"3830 Lawrence Ave E Scarborough, ON M1G 1R6
",416-439-1243 ,http://www.extendicarescarborough.com/,Rui ,lzheng@extendicare.com ,416-439-1243 ext 239 ,Office Manager,,,
Westside LTC,IN PROGRESS,ON,Etobicoke,"1145 Albion Rd, Etobicoke, ON M9V 4J7",416-745-4800,http://www.westsideltc.com/, Harinder Kaur,harinder.kaur@exeassist.ca,,,,,
"Extendicare Rouge Valley
",ACTIVE,ON,Scarborough,"551 Conlins Rd, Scarborough, ON M1B 5S1",416-282-6768  ,http://www.extendicarerougevalley.com/,Latha Puthuparampil,"LMathewPuthuparampil@extendicare.com
",,,,,
Heron Terrace,NOT ACCEPTING,ON,Windsor,"11550 McNorton St, Windsor, ON N8P 1T9",519-979-6730,http://ltc.srgroup.ca/heron_terrace_windsor.htm,Grelida Nurja ,Grelida_Nurja@srgroup.ca,,Manager Resident Care,,,
Regency Park Long Term Care Home ,IN PROGRESS,ON,Windsor,"567 Victoria Ave Windsor, ON N9A 4N1",519-254-1141   ,https://regencyparkltc.ca/,"Emil Alias  
",emil.alias@regencyparkltc.ca,519-254-1141  x 241,Director of Care,,,
Shepherd Village,IN PROGRESS,ON,Scarborough,"3760 Sheppard Avenue East, Scarborough, ON M1T 3K9",416-609-5700  ,https://shepherdvillage.org/,Shantal Anderson ,sanderson@shepherdvillage.org,"416-609-5700 ext 244
",Director of Care,,,
"Extendicare Eaux Claires
",ACTIVE,AB,Edmonton,"16503 95 St, Edmonton, AB T5Z 0G7",780-472-1106,http://www.extendicareeauxclaires.com/,Greta Dsouza ,g.dsouza@extendicare.com,,Director of Care,,,
Extendicare The Meadows LTC,IN PROGRESS,ON,Ancaster,"12 Tranquility Ave, Ancaster, ON L9G 5C2",905-304-1993 ,http://www.extendicarethemeadows.com/,Suzanne Power,,905-304-1993 press 1 then 2,Director of Care,,,
Extendicare York,ACTIVE,ON,Sudbury,"333 York St, Sudbury, ON P3E 5J3",705-674-4221,http://www.extendicareyork.com/, Nancy Belanger ,nbelanger@extendicare.com,,,,,
St. Joseph's Villa,NOT ACCEPTING,ON,Dundas,"56 Governors Rd, Dundas, ON L9H 5G7",905-627-9011,https://sjvfoundation.ca/,Cydney Marcotte,cmarcotte@sjv.on.ca,905-627-3541 ext 2332,HR Coordinator,,,
Aberdeen Gardens Retirement Residence,IN PROGRESS,ON,Hamilton,"330 Dundurn St S, Hamilton, ON L8P 4L6",905-529-3163,https://levseniorliving.com/aberdeengardens/,Angela Day,aday@levliving.com,,,,,
Valleytown Residence,IN PROGRESS,ON,Dundas,"33 Main St, Dundas, ON L9H 2P7",905-628-0013,https://www.valleytownresidence.ca/,,valleytownresidence@lphamiltonholdings.ca,,,,,
Downsview Long Term Care ,NOT ACCEPTING,ON,North York," 3595 Keele St, North York, ON M3J 1M7",416-633-3431,https://gemhealth.com/long-term-care/downsview/,Mary Buhion,Mary.buhion@downsviewltcc.com,416-633-3431 ext 227,Director of Care,,,
Auberge Plein Soleil,ACTIVE,ON,Alfred,"258 Telegraph Rd, Alfred, ON K0B 1A0",613-679-4355,https://www.aubergepleinsoleil.com/,Marylene Carette,info@aubergepleinsoleil.com,819-432-3138, Director General,,,
Thompson House,IN PROGRESS,ON,North York,"1 Overland Drive
North York, Ontario M3C 2C3",416-447-7244 ,https://mybetterliving.ca/,Robin Krishnan,rkrishnan@betterlivinghealth.org,416-447-7244 ext. 512,Director of Resident Care,,,
Mon Sheong Richmond Hill Long-Term Care Centre,NOT ACCEPTING,ON,Richmond Hill,"11199 Yonge St, Richmond Hill, ON L4S 1L2",905-883-9288,https://www.monsheong.org/what-we-do/long-term-care-centre/richmond-hill-long-term-care-centre/,Linghua Duo   ,linghuaduo@monsheong.org,905-883-9288 ext 2630,Director of Resident Care,,,
Saint Vincent’s Nursing Home,IN PROGRESS,NS,Halifax,"2080 Windsor Street, Halifax, NS B3K 5B2",902-429-0550,svnh.ca,Ken Rehman,krehman@svnh.ca,902-429-0550,Acting Executive Director,,,
Parkland at the Gardens,IN PROGRESS,NS,Halifax,"5732 College Street, Halifax, NS B3H 0B3",902-406-8900,Parkland at the Gardens,Victoria Roberts,vroberts@shannex.com,902-497-0729,Lifestyle Consultant,,,
The Berkeley on Pepperell,IN PROGRESS,NS,Halifax,"6240 Pepperell Street, Halifax, NS B3H 2N9",902-429-2222,theberkeley.com,Jenn Walker,jenn.walker@theberkeley.com,902-802-0346,Sales & Marketing Manager,,,
VON Greater Halifax,IN PROGRESS,NS,Halifax,"7075 Bayers Road, Suite 100, Halifax, NS B3L 2C1",902-453-5800,von.ca,Kaili VanVulpen,Kaili.VanVulpen@von.ca,902-293-1571,"Director, Home Care",,,
Lee Manor,ACTIVE,ON,Owen Sound,"875 6th St E, Owen Sound, ON N4K 5W5",519-376-4420,https://www.grey.ca/location/lee-manor,Stephanie Matos,stephanie.matos@grey.ca,"519-376-5770

","Student Placement Coordinator, County of Grey",,,
Cardinal Place,IN PROGRESS,ON,Windsor,"3140 Peter St, Windsor, ON N9C 1H3",519-254-1112,https://www.cardinalplace.ca/,Dilmeet,,519-254-1112 ext 1113,Care Team Coordinator,,,
Paramed Windsor,ACTIVE,ON,Windsor,"235 Eugenie St W Suite 208, Windsor, ON N8X 2X7",519-966-5200,https://www.paramed.com/windsor/,Anna St. Antoine,anna.st.antoine@paramed.com,519-966-5200,,,,
The Wexford,AGREEEMENT IN REVIEW,ON,Scarborough,"1860 Lawrence Ave E, Scarborough, ON M1R 5B1",416-752-8877,https://thewexford.org/,Wayne Connelley / Sabra Abubeker,w.connelley@thewexford.org / sabubeker@thewexford.org,,CEO / Staff Development Coordinator,,,Fida and Melissa assigned PIC
Hawthorne Place Care Centre,IN PROGRESS,ON,Toronto,"2045 Finch Ave W, Toronto, ON M3N 1M9", 416-745-0811,https://www.kinderaliving.ca/hawthorne-place-care-centre/,Jo Li / Sandra Idowu,jo.li@hawthorneplacecarecentre.ca  / sandra.idowu@hawthorneplacecarecentre.ca, 416-745-0811 ext.160 / 460,Director of Care /  Employee Engagement Specialist,,,
Richmond Hill Retirement Residence,ACTIVE,ON,Richmond Hill,"70 Bernard Ave, Richmond Hill, ON L4C 0W7",905-770-4704,https://verveseniorliving.com/richmond-hill/,Pamela Story,gm.richmondhill@verveseniorliving.com,,General Manager,,,
"Mon Sheong Stouffville LTC Centre
",ACTIVE,ON,Whitchurch-Stoufville,"162 Sandiford Dr, Whitchurch-Stouffville, ON L4A 3S3",289-469-0323,https://www.monsheong.org/what-we-do/long-term-care-centre/stouffville-long-term-care-centre/,Shayne Dauz / Diana Zhang ,ShayneDauz@monsheong.org / DianaZhang@monsheong.org,289-469-0323 ext: 8119 / ext: 8118,Director of Care /  Administrator,,,
Venvi Stonehaven Retirement Living,AGREEEMENT IN REVIEW,ON,Kanata,"70 Stonehaven Dr, Kanata, ON K2M 3B4",613-271-9016,https://www.venviliving.com/stonehaven,Chelsea Siurna-Jasek ,chelsea.jasek@cogirseniorliving.ca,613-222-7095,Director of Care/Head Nurse,,,
St. Bernard’s Residence,NOT ACCEPTING,ON,North York,"685 Finch Ave West, North York, ON M2R 1P2
",416-635-8422 ,https://stbernardsresidence.org/,"Shashikala Sanjeev / (Maria Victoria Agapito, RPN)

",ClinicalDirector@stbernardsresidence.ca / marivic.agapito@stbernardsresidence.ca,416-635-8422 ext. 275,Clinical Director,,,
Neighbourhood Home Care Services,NOT ACCEPTING,SK,Saskatoon,"411 Herold Ct Unit I, Saskatoon, SK S7V 0A7",306-716-2329,https://www.neighbourhoodhomecare.com/,Meghan,,306-994-5454,HR,,,
Advent Valleyview Residence,NOT ACCEPTING,ON,North York,"541 Finch Ave W, North York, ON M2R 3Y3",416-398-0555,https://vvres.org/,,,,HR,,,
Atikokan General Hospital,ACTIVE,ON,Atikokan,"120 Dorothy St, Atikokan, ON P0T 1C0",807-597-4215,https://aghospital.on.ca/,Stacey Wood / Josh Palmai,woods@aghospital.on.ca / palmaij@aghospital.on.ca or humanresources@aghospital.on.ca ,807-597-4215 ext 311 / 375,Chief Nursing Officer / HR,,,
Chapel Hill Retirement Residence,IN PROGRESS,ON,Ottawa,"2305 Page Road
Ottawa, Ontario
K1W 1H3",613-804-2273,https://allseniorscare.com/retirement-residences/chapel-hill-retirement-residence,Mackenzie Baker / Hannah Silver,mbaker@allseniors.com / hsilver@allseniorscare.com,,Executive Director / VP for Health and Wellness,,,
Luther Care Communities,NOT ACCEPTING,SK,Saskatoon,"810 45th Street West
Saskatoon, SK
S7L 6A5",306-664-0300,https://www.luthercare.com/,Meghan Ritchie,mritchie@luthercare.com,,"Manager, Staff and Volunteer Development",,,
Willowbend Retirement Community,IN PROGRESS,ON,Ottawa,"1980 Trim Road
Ottawa, ON K4A 5L5",613-907-9200,https://www.willowbendretirement.com/,,,,,,,
Forest Valley Terrace,IN PROGRESS,ON,Orléans,"1510 St. Joseph Blvd, Orléans, ON K1C 7L1",343-453-8563 / 613-830-4000,https://www.symphonyseniorliving.com/residences/forest-valley-terrace,,ceoforestvalley@symphonyseniorliving.com,,,,,
Amica Peel Village,IN PROGRESS,ON,Brampton,"223 Main St S, Brampton, ON L6Y 6H1",905-460-0080,https://www.amica.ca/peel-village,Andrea Sooriyanarayana,a.sooriyanarayana@amica.ca,905-460-0080 ext 622,Interim Resident Service Coordinator,,,
Bridlewood Trails Retirement Community,IN PROGRESS,ON,Ottawa,"480 Brigitta St, Ottawa, ON K2S 0H8",613-595-1116,https://www.bridlewoodretirement.com,Pearl Saludez,psaludez@riverstoneretirement.ca,613-818-8620 (mobile),Director of Care,,,
Extendicare Peterborough,IN PROGRESS,ON,Peterborough,"860 Alexander Ct, Peterborough, ON K9J 6B4",705-743-7552,http://www.extendicarepeterborough.com/,Tracey Wrightly / Leanne Preston,twrightly.extendicare.com,,Best Practice Coordinator / Director of Care,,,
Extendicare Hamilton,NOT ACCEPTING,ON,Hamilton,"90 Chedmac Dr, Hamilton, ON L9C 7W1",905-318-4472,http://www.extendicarehamilton.com/,Assunta Fonovic,,,Director of Care,,,
AgeCare Woodhaven,IN PROGRESS,ON,Markham,"380 Church St, Markham, ON L6B 1E1",905-472-3320,https://www.agecare.ca/communities/woodhaven/,Olivia Taunu,Olivia.Taunu@AgeCare.ca,905-472-3320 ext. 533,Director of Care,,,
Chartwell Robert Speck Retirement Residence,ACTIVE,ON,Mississauga,"100 Robert Speck Pkwy, Mississauga, ON L4Z 0A1",905-501-9922,https://chartwell.com/on/mississauga/robert-speck,Gian Barranco,gbarranco@chartwell.com,905-501-9922 ext 1300,Health & Wellness Manager,,,
Chartwell Regency Retirement Residence,IN PROGRESS,ON,Mississauga,"29 Mississauga Rd N, Mississauga, ON L5H 2H7",905-891-2422,https://chartwell.com/on/mississauga/regency,Mary D'Andreis,mdandreis@chartwell.com,,Health & Wellness Manager,,,
Village of Sandalwood ,NOT ACCEPTING,ON,Brampton,"425 Great Lakes Dr Brampton, ON L6R 2W8",905-458-9272,https://schlegelvillages.com/sandalwood-park-brampton,Adwoa Pomaah,adwoa.pomaah@schlegelvillages.com,905-458-9272 ext 805 ,Director of Nursing Care,,,
Weston Village Senior Centre,ACTIVE,ON,York,"8 John Street, York, ON M9N 1S3",416-248-1373,https://westonseniors.ca/,Saynab Hussein,saynab.hussein@westonseniors.ca,647-513-8451 / 437-460-0645,Director,,,
Winchester Glen Retirement Community,AGREEEMENT IN REVIEW,ON,Oshawa,"2501 Thoroughbred St, Oshawa, ON L1L 0P8", 905-410-2501,https://levseniorliving.com/winchesterglen/, Vickie Harris, vharris@levliving.com, 905-410-2501 ext 625,Director of Care,,,
The Village of Glendale Crossing,ACTIVE,ON,London,"3030 Singleton Ave, London, ON N6L 0B6",519-668-5600,https://schlegelvillages.com/glendale-crossing-london,,,,,,,
Cavendish Manor Retirement Residence,AGREEEMENT IN REVIEW,ON,Niagara Falls,"5781 Dunn St, Niagara Falls, ON L2G 2N9",905-354-2733,https://cavendishmanor.com/,Vanessa,hr@cavendishmanor.com,,ADOC,,,
The Wellington - RH,IN PROGRESS,ON,Hamilton,"1430 Upper Wellington St, Hamilton, ON L9A 5H3",905-385-2111,https://thewellington.ca/,Lincoln Lewis, llewis@thewellington.ca,905-385-2111 ext. 105,Director Of Wellness,,,
Chartwell Oak Park Terrace,IN PROGRESS,ON,Windsor,"1750 N Service Rd, Windsor, ON N8W 1Y3",519-972-3330,https://chartwell.com/on/windsor/oak-park-terrace,,,,,,,
The Renoir,ACTIVE,ON,Newmarket,"270 Doak Ln, Newmarket, ON L3Y 0A5",905-853-6400,https://cogirseniorliving.ca/retirement-home-newmarket-ontario/the-renoir,Sylvana Cinerari (Sylvie),Sylvana.Cinerari@cogirseniorliving.ca,,Director of Health and Wellness,,,
Chartwell Oak Park LaSalle,IN PROGRESS,ON,LaSalle,"3955 13th St, LaSalle, ON N9H 2S7",519-968-2000,https://chartwell.com/on/lasalle/oak-park-lasalle,Katie-Lou Rivait,krivait@chartwell.com,,Health and Wellness Manager,,,
Parkview Nursing Centre,NOT ACCEPTING,ON,Hamilton,"545 King St W, Hamilton, ON L8P 1C1",905-525-5903,https://parkviewnursingcentre.ca/,Laura Melo,lmelo@parkviewnursingcentre.ca,905-525-5903 ext. 122,Director of Care,,,
Heritage Green Nursing Home,IN PROGRESS,ON,Stoney Creek,"353 Isaac Brock Dr, Stoney Creek, ON L8J 2J3",905-573-7177,https://hgseniorcare.ca,Rosemary Okimi,info@hgseniorcare.ca,905-573-7177 ext 140 / ext 100,Administrator,info@hgseniorcare.ca,,LTC and RH
Peel Manor Long Term Care Home,NOT ACCEPTING,ON,Brampton,"525 Main St N, Brampton, ON L6X 1N9",905-453-4140,,Training and Orientation Team,zzg-ltceducationtrainingandorientation@peelregion.ca,,,,,
Sunrise of Windsor,IN PROGRESS,ON,Windsor,"5065 Riverside Dr E, Windsor, ON N8Y 5B3",519-974-5858,https://www.sunriseseniorliving.ca/en/communities/on/sunrise-of-windsor,,Windsor.ed@sunriseseniorliving.com,,,,,
Rayoak Place,ACTIVE,ON,North York,"1340 York Mills Rd, North York, ON M3A 3R1",416-391-0633,https://cogirseniorliving.ca/retirement-home-north-york-ontario/rayoak-place/?utm_source=google-business-profile&utm_medium=organic&utm_campaign=local-seo,Eleonora Cretu,Eleonora.Cretu@cogirseniorliving.ca,"416-391-0633 ext.2003

Mobile:  647-244-2440",Health and Wellness Manager,,,
Westhills Care Centre,NOT ACCEPTING,ON,St. Catharines,"179 Louth St, St. Catharines, ON L2S 2R4",905-682-0503,https://westhillsltc.ca/,Robyn Davison,hello@westhillsltc.ca,905-682-0503 ext. 131,Director of Nursing,,,
VON  ,ACTIVE,ON,Hamilton,"400 Victoria Avenue N, Hamilton ON L8L 5G8",905-523-1055,https://von.ca/en,Caitlin DiCecca,CaitlinDiCecca@von.ca,905-523-1055 ext 409 / Mobile 289-808-2854,Community Support Services,,,
Extendicare Elginwood,ACTIVE,ON,Richmond Hill,"182 Yorkland St, Richmond Hill, ON L4S 2M9",905-737-0858,http://www.extendicareelginwood.com/,Mandeep Kaur Briana,Mandeep.briana@extendicare.com,905-737-0858 ext 246,ADOC/Staff Educator,,,
Henley Place,ACTIVE,ON,London,"1961 Cedarhollow Blvd, London, ON N5X 0K2",519-951-0220,https://www.primacareliving.com/henley-place,Amy McLean / Takei Jeche,Amclean@primacareliving.com / tjeche@primacareliving.com,ext 5210 / 5131,DOC / ADOC,,,
Henley House,ACTIVE,ON,St. Catharines,"20 Ernest St, St. Catharines, ON L2N 7T2",905-937-9703,https://www.primacareliving.com/henley-house,Irene Curado,icurado@primacareliving.com,,Education Coordinator,,,
Victoria Manor Supportive Housing,ACTIVE,ON,Windsor,"759 Victoria Ave, Windsor, ON N9A 4N3",519-258-6200 ,https://www.victoriamanor.ca/,Heather Snider ,operations@victoriamanor.ca,519-258-6200 ext 21,,,,
Villa Colombo,NOT ACCEPTING,ON,Toronto,"40 Playfair Ave Toronto, ON M6B 2P9",416-789-2113,https://www.villacharities.com/affilates/villa-colombo-toronto/,Juliana Pineros,Juliana.Pineros@villacolombo.on.ca,416-789-2113 ext 2283,Student Placement Coordinator,,,
Lookout Ridge Retirement Community (by Spring  Living),ACTIVE,ON,Fonthill,"1505 Lookout Street, Fonthill, ON L0S 1E5",905-892-9218,https://www.springliving.ca/property/lookout-ridge/,Amy Seneca,Amy.Seneca@SpringLiving.ca,905-892-9218 ext 6009 / Cell-  289-929-1010,Director of Health and Wellness,,,
LOFT Community Services - The Path Home,AGREEEMENT IN REVIEW,ON,Toronto,"3705 Bathurst St, Toronto, ON M5M 2X4",,https://loftcs.org/,Nicole de Freitas,NdeFreitas@loftcs.org,C 437-427-9392,Senior Program Manager,,,
Elqueena Support Services  ,ACTIVE,ON,Thornhill,"209 Henderson Ave Thornhill, ON L3T 2L8",905-597-8354,https://www.elqueena.com/,Tiffany Smith,tiffany@elqueena.com,289-200-1238,HR Director,,,
Queens Estate Retirement Residence,ACTIVE,ON,North York,"265 Queens Dr, North York, ON M6L 3C6",416-234-0363 ,https://www.mettalifestyles.com/queens-estate,Ivie Igbinovia,Ivie.igbinovia@mettalifestyles.com,"Main: 416-234-0363 ext 106
Cell: 416-566-6748",Manager of Care,,,
Harold & Grace Baker Centre,ACTIVE,ON,Toronto,"1 Northwestern Ave. Toronto, ON, M6M 2J7",416-654-2889,https://www.bakercentre.com/,Jennifer M. Zulueta,jennifer.zulueta1@exeassist.ca,416-654-2889 ext. 236,Staff Educator,,,
Loyalist Retirement Residence,ACTIVE,ON,St. Catharines,"190 King St, St. Catharines, ON L2R 3J7",905-641-4422,https://loyalist-retirement.com/,Alison Stoner,alison@loyalist-retirement.com,,Executive Director / DOC,,,
Palermo Village Retirement Residence,IN PROGRESS,ON,Oakville," 3136 Dundas St W, Oakville, ON L6M 0S5", 905-582-0395,https://verveseniorliving.com/palermo-village/,Kristoffer Ong See / Kathrine Tingin,hw.mgr.palermo@verveseniorliving.com,,,,,
Thornton View Long-Term Care Home,IN PROGRESS,ON,Oshawa,"186 Thornton Rd S, Oshawa, ON L1J 5Y2",905-576-5181,http://www.thorntonviewltc.com/,Melanie Besser,melanie.besser@exeassist.ca, 905-576-5181 Ex 2004,ADOC,,,
Shoreview At Riverside,IN PROGRESS,ON,Windsor,"245 Drouillard Rd, Windsor,
ON N8Y 4Y1
",519-253-7415,https://oxfordshoreview.com/,Leigh Chute,lchute@oxfordliving.ca,,"Director of Care
",,,
Devonshire Retirement Residence  ,IN PROGRESS,ON,Windsor,"901 Riverside Dr W Windsor, ON N9A 7J6",519-252-2273,https://devonshireretirement.ca/,,,,,,,
Cedarbrook Lodge Retirement Residence  ,IN PROGRESS,ON,Toronto,"520 Markham Rd Toronto, ON M1H 3A1",416-431-6400 ,https://www.cedarbrooklodge.ca/,Ian Burnett ,iburnett@cedarbrooklodge.ca,416-431-6400 ext 222 * ,Executive Director,,,
Southampton Care Centre,ACTIVE,ON,Southampton,"140 Grey St S, Southampton, ON N0H 2L0",519-797-3220 ,https://www.jarlette.com/long-term-care/southampton-care-centre,Angela Loughnan,aloughnan@jarlette.com,519-797-3220 ext 233,Manager,,,
Eden House Care Facility Inc,NOT ACCEPTING,ON,Guelph,"5016 Wellington County Rd 29, Guelph, ON N1H 6H8",519-856-4622,http://edenhousecarehome.ca/,Kathy Onifrichuk,Clerk@edenhousecarehome.ca,519-856-4622 x 228,Unit Clerk,,,
Berkshire Care Centre,IN PROGRESS,ON,Windsor,"350 Dougall Ave, Windsor, ON N9A 4P4",519-256-7868,https://www.kinderaliving.ca/berkshire-care-centre/,,,,,,,
Levante Briargate,IN PROGRESS,ON,Amherstview,"4567 Bath Rd, Amherstview, ON K7N 1A8",613-384-9333,https://levanteliving.com/residences/briargate,,,,Health & Wellness Manager,,,
Castleview Wychwood Towers,IN PROGRESS,ON,Toronto,"351 Christie Street, Toronto, ON M6G 3C3",416-392-5700,https://www.ontario.ca/locations/longtermcare/homes/M510-castleview-wychwood-towers,Tee Obi-Egwale,tee.obi-egwale@toronto.ca,416-392-5755,Director of Nursing,,,
Chapel Heights A Sedona Senior Community,AGREEEMENT IN REVIEW,ON,Niagara Falls,"7373 Niagara Square Dr, Niagara Falls, ON L2H 1J2",905-371-0121,https://chapelheights.ca/,Dedra,,,Director of Care,,,
Millennium Trail Manor,IN PROGRESS,ON,Niagara Falls,"6861 Oakwood Dr, Niagara Falls, ON L2G 0J3",905-356-5005,https://conmedhealth.com/millennium-trail-manor/,,mtm-doc@conmedhealth.com,905-356-5005 ext 200,Director of Care,,,
Lakeside Retirement-Innisfil,ACTIVE,ON,Innisfil,"985 Innisfil Beach Rd, Innisfil Beach, ON L9S 4M8",705-431-8105,https://lakesideretirement.ca/,"Chantal Scholten, RPN",chantal@lakesideretirement.ca,,Director of Care,,,
Simcoe Terrace,INACTIVE,ON,Barrie,"44 Donald St, Barrie, ON L4N 1E3",705-722-5750,https://www.simcoeterrace.com/,Katherine,directorofcare@simcoeterrace.com,,,,,
Scarborough Retirement Residence,ACTIVE,ON,Scarborough,"148 Markham Rd, Scarborough, ON M1M 2Z8",416-264-3566,https://www.scarboroughretirement.com/,"Lorna Campbell, BScN (Hon.), CRN (c)",lorna@scarboroughretirement.com,416-264-3566 x 308,Director of Resident Care Services,,,
Ivan Franko Homes - RH,ACTIVE,ON,Mississauga,"3058 Winston Churchill Blvd, Mississauga, ON L5L 2V7",905-820-0573,https://ivanfrankohomes.com/,Maryna Kyrylko,maryna.kyrylko@ivanfrankohomes.com,,Care Manager,,,
Village of Taunton Mills - LTC,ACTIVE,ON,Whitby,"3800 Brock St N, Whitby, ON L1R 3A5",905-666-3156,https://schlegelvillages.com/taunton-mills-whitby,Sahara Kutu,sahara.kutu@schlegelvillages.com,905-666-3156 ext. 5113,"Administrative Assistant / Student Coordinator

",,,
Chartwell Wellington Park,ACTIVE,ON,Guelph,,,,,,,,,,
Extendicare Winbourne Park,IN PROGRESS,ON,Ajax,"1020 Westney Rd N, Ajax, ON L1T 4K6",905-426-6296,http://www.extendicarewinbournepark.com/,"Gail Kitamura, ",gail.kitamura@extendicare.com,,Director of Care,,,
CHATS - Community & Home Assistance for Seniors,ACTIVE,ON,Aurora,"240 Edward St. Suite 1, Aurora, ON L4G 3S9",905-713-3373 / Toll Free 1-877-725-3208,https://chats.on.ca/,Delia Lalonde,DLalonde@chats.on.ca,Mobile 905-751-5913 Office 905-713-3373 x6035 , HR Advisor,,,
"Rutherford Heights, an Optima Living community",IN PROGRESS,AB,Edmonton,"949 Rutherford Road, Edmonton, Alberta T6W 0E5",780-432-6900,https://rutherfordheights.com/,Krina Desai,krina.desai@optimaliving.ca,,Director of Care,,,
Devonshire Seniors Community,IN PROGRESS,AB,Edmonton,"1808 Rabbit Hill Rd NW, Edmonton, AB T6R 3H2",780-665-8050,https://www.parkplaceseniorsliving.com/find-a-location/alberta/edmonton/devonshire/,Amida,,,,,,
"MacTaggart Place, an Optima Living community",IN PROGRESS,AB,Edmonton,"5149 Mullen Rd, Edmonton, AB T6R 0W7",780-540-2273,https://mactaggartplaceseniors.ca/,Xenia Diaz,xenia.diaz@optimaliving.ca,,,,,
Southbrook Retirement Residence  ,IN PROGRESS,ON,Brampton,"400 Ray Lawson Blvd Brampton, ON L6Y 4G4",905-456-3334,https://southbrookretirement.ca/,Sumita Maghera," 
sumita@southbrookretirement.ca",,Director Of Care,,,
Chartwell Conservatory Pond Retirement Residence,NOT ACCEPTING,ON,Kingston,"1499 Stoneridge Dr, Kingston, ON K7M 9H9",613-817-9875,https://chartwell.com/on/kingston/conservatory-pond,Kim Hodkinson / Shakiara Khan,khodkinson@chartwell.com/ shakkhan@chartwell.com,613-549-4049,GM / Health & Wellness Manager,,,
Chartwell Duke of Devonshire Retirement Residence,NOT ACCEPTING,ON,Ottawa,"1095 Carling Ave, Ottawa, ON K1Y 4P6",613-688-1883,https://chartwell.com/on/ottawa/duke-of-devonshire,Stephanie MacKenzie,smackenzie@chartwell.com,613-721-8809,Health & Wellness Manager,,,
Sunrise of Vancouver,IN PROGRESS,BC,Vancouver,"999 W 57th Ave, Vancouver, BC V6P 6Y9",604-261-5799,https://www.sunriseseniorliving.ca/en/communities/bc/sunrise-of-vancouver,,,,,,,
Ukrainian Canadian Care Centre & St. Demetrius Residence,ACTIVE,ON,Toronto,"60 Richview Rd, Toronto, ON M9A 5E4",416-243-7653,https://stdemetrius.ca/,Lydia Myshkevich,LMyshkevich@stdemetrius.ca,647-725-0850,Senior Clinical Team Leader,,,
Algoma Manor,ACTIVE,ON,Thessalon,"145 Dawson St, Thessalon, ON P0R 1L0",705-842-2840,https://algomamanor.ca/,,,,,,,
Dundurn Place Care Centre,INACTIVE,ON,Hamilton,"39 Mary St, Hamilton, ON L8R 3L8",905-523-6427,https://www.kinderaliving.ca/our-care-centres-kinderaliving/dundurn-place-care-centre,Eddie Lartey,eddie.lartey@dundurnplacecarecentre.ca,,Employee Engagement Specialist,,,
Chartwell Thornhill Retirement Residence - Constantia,ACTIVE,ON,Thornhill,"784 Centre St, Thornhill, ON L4J 9G7",289-588-0974,https://chartwell.com/on/thornhill/thornhill,Franzel Arcangel,farcangel@chartwell.com,905-771-1013,Health & Wellness Manager,,,
Chartwell Chateau Cornwall Retirement Residence,IN PROGRESS,ON,Cornwall,"41 Amelia St, Cornwall, ON K6H 7E5",613-937-4700,https://chartwell.com/on/cornwall/chateau-cornwall,Amanda Mulley,amulley@chartwell.com,,,,,
Royal Rose Place,IN PROGRESS,ON,Welland,"635 Prince Charles Dr N, Welland, ON L3C 0C7",289-480-0400,https://www.jarlette.com/long-term-care/royal-rose-place,Jenna Wade,jwade@jarlette.com,"289-480-0400, ext. 112",Director of Care,,,
The Roxborough Retirement Residence,AGREEEMENT IN REVIEW,ON,Newmarket,"1 Roxborough Rd, Newmarket, ON L3Y 2P8",905-853-4573,https://verveseniorliving.com/the-roxborough/,Venus Warraich,hw.mgr.rox@verveseniorliving.com,,Health and Wellness Manager,,,
,,,,,,,,,,,,,
